"","AKP","CHP","MHP","HDP","OTHERS"
"AKPP11",0.785869134400141,0.0283376804921111,0.065741055403791,0.096523397059157,0.0231819920905021
"CHPP11",0.0417214013471234,0.87321033720822,0.0206434646436683,0.031911238526819,0.031757132846996
"MHPP11",0.00799452905125549,0.0241240914850022,0.947943106455921,0.0165031032339217,0.00203216569420541
"HDPP11",0.00625872545549225,0.00369193420753247,0.00617421214683536,0.978026419606225,0.00219674142231934
"OTHERS11",0.162620322049902,0.132592236809789,0.0495749307156483,0.0544342088799308,0.596635520497475
